{
  "hash": "15e7b5ce",
  "configHash": "42b555e4",
  "lockfileHash": "d6de76f2",
  "browserHash": "78924704",
  "optimized": {
    "@angular/core": {
      "src": "../../../../../../node_modules/@angular/core/fesm2022/core.mjs",
      "file": "@angular_core.js",
      "fileHash": "77aaa983",
      "needsInterop": false
    },
    "@angular/forms": {
      "src": "../../../../../../node_modules/@angular/forms/fesm2022/forms.mjs",
      "file": "@angular_forms.js",
      "fileHash": "ac191a1e",
      "needsInterop": false
    },
    "@angular/platform-browser": {
      "src": "../../../../../../node_modules/@angular/platform-browser/fesm2022/platform-browser.mjs",
      "file": "@angular_platform-browser.js",
      "fileHash": "ff9d8adf",
      "needsInterop": false
    },
    "@angular/router": {
      "src": "../../../../../../node_modules/@angular/router/fesm2022/router.mjs",
      "file": "@angular_router.js",
      "fileHash": "91f46625",
      "needsInterop": false
    },
    "axios": {
      "src": "../../../../../../node_modules/axios/index.js",
      "file": "axios.js",
      "fileHash": "6ecd6896",
      "needsInterop": false
    }
  },
  "chunks": {
    "chunk-DMVJAPQV": {
      "file": "chunk-DMVJAPQV.js"
    },
    "chunk-4XASVWEW": {
      "file": "chunk-4XASVWEW.js"
    },
    "chunk-BPVN7OPV": {
      "file": "chunk-BPVN7OPV.js"
    },
    "chunk-4ULMLRGT": {
      "file": "chunk-4ULMLRGT.js"
    }
  }
}