{
  "hash": "6362e7e7",
  "configHash": "a17674c1",
  "lockfileHash": "d6de76f2",
  "browserHash": "4143f6d4",
  "optimized": {
    "@angular/core": {
      "src": "../../../../../../node_modules/@angular/core/fesm2022/core.mjs",
      "file": "@angular_core.js",
      "fileHash": "c0c05008",
      "needsInterop": false
    },
    "@angular/forms": {
      "src": "../../../../../../node_modules/@angular/forms/fesm2022/forms.mjs",
      "file": "@angular_forms.js",
      "fileHash": "d65e4b7e",
      "needsInterop": false
    },
    "@angular/platform-browser": {
      "src": "../../../../../../node_modules/@angular/platform-browser/fesm2022/platform-browser.mjs",
      "file": "@angular_platform-browser.js",
      "fileHash": "ef3dbd99",
      "needsInterop": false
    },
    "@angular/platform-server": {
      "src": "../../../../../../node_modules/@angular/platform-server/fesm2022/platform-server.mjs",
      "file": "@angular_platform-server.js",
      "fileHash": "71135c8d",
      "needsInterop": false
    },
    "@angular/router": {
      "src": "../../../../../../node_modules/@angular/router/fesm2022/router.mjs",
      "file": "@angular_router.js",
      "fileHash": "ef2d79b5",
      "needsInterop": false
    },
    "@angular/ssr": {
      "src": "../../../../../../node_modules/@angular/ssr/fesm2022/ssr.mjs",
      "file": "@angular_ssr.js",
      "fileHash": "3586b5f9",
      "needsInterop": false
    },
    "@angular/ssr/node": {
      "src": "../../../../../../node_modules/@angular/ssr/fesm2022/node.mjs",
      "file": "@angular_ssr_node.js",
      "fileHash": "701ca1c7",
      "needsInterop": false
    },
    "axios": {
      "src": "../../../../../../node_modules/axios/index.js",
      "file": "axios.js",
      "fileHash": "cadb0fd0",
      "needsInterop": false
    },
    "express": {
      "src": "../../../../../../node_modules/express/index.js",
      "file": "express.js",
      "fileHash": "b73332e5",
      "needsInterop": true
    }
  },
  "chunks": {
    "xhr2-HQX5CY5B": {
      "file": "xhr2-HQX5CY5B.js"
    },
    "chunk-A3DYL4ZN": {
      "file": "chunk-A3DYL4ZN.js"
    },
    "chunk-4S2CU2P3": {
      "file": "chunk-4S2CU2P3.js"
    },
    "chunk-LYMIKN7N": {
      "file": "chunk-LYMIKN7N.js"
    },
    "chunk-PUCAB4VJ": {
      "file": "chunk-PUCAB4VJ.js"
    },
    "chunk-C3GBQOFU": {
      "file": "chunk-C3GBQOFU.js"
    },
    "chunk-BHNKUSDK": {
      "file": "chunk-BHNKUSDK.js"
    },
    "chunk-6MUW7QNP": {
      "file": "chunk-6MUW7QNP.js"
    },
    "chunk-ANGF2IQY": {
      "file": "chunk-ANGF2IQY.js"
    }
  }
}